"","AGE","GENDER","DOMAIN","PhD","YEARSEXP","UNIVERSITY","UOC_POSITION","USERWIKI","PU1","PU2","PU3","PEU1","PEU2","PEU3","ENJ1","ENJ2","Qu1","Qu2","Qu3","Qu4","Qu5","Vis1","Vis2","Vis3","Im1","Im2","Im3","SA1","SA2","SA3","Use1","Use2","Use3","Use4","Use5","Pf1","Pf2","Pf3","JR1","JR2","BI1","BI2","Inc1","Inc2","Inc3","Inc4","Exp1","Exp2","Exp3","Exp4","Exp5"
"1",40,"0","Ciencias","1",14,"1","Asociado","0","4","4","3","5","5","3","4","4","3","3","2","2","3","3","3","1","2","4","2","4","4","4","3","1","1","2","4","1","1","3","4","1","2","3","5","5","5","5","4","4","4","1","2"
"2",42,"0","Derecho y Politica","1",18,"1","Asociado","0","2","3","3","4","4","3","3","4","4","4","3","3","2","3","3","1","1","2","1","4","4","4","2","2","1","1","2","1","1","1","4","3","2","2","4","4","3","4","2","2","4","2","4"
"3",37,"0","Ingenieria y Arquitectura","1",13,"1","Asistente","0","2","2","2","4","4","3","3","3","2","2","2","5","3","2","3","2","2","4","3","4","2","4","1","1","1","1","1","3","3","3","4","3","1","1","5","3","5","5","2","2","2","1","3"
"4",40,"0","Ingenieria y Arquitectura","0",13,"1","Asistente","0","3","3","4","3","3","3","4","3","3","4","3","3","3","3","4","3","2","2","3","5","5","5","3","3","3","3","3","4","4","4","5","4","3","3","3","4","4","3","4","4","3","3","4"
"5",47,"0","Ingenieria y Arquitectura","0",17,"1","Asistente","0","2","2","3","5","4","3","3","3","3","3","3","4","4","3","4","4","3","5","3","5","5","5","2","1","3","2","4","4","3","2","4","1","4","4","5","3","2","4","4","3","4","1","4"
"6",54,"0","Artes y Humanidades","1",14,"1","Asociado","0","4","4","5","4","5","4","5","5","4","4","2","5","3","4","3","4","3","3","3","5","5","4","1","1","4","4","5","1","2","3","3","2","4","3","5","5","4","2","5","5","5","1","1"
"7",40,"0","Ingenieria y Arquitectura","1",13,"1","Asociado","1","3","3","4","5","4","4","5","4","3","4","3","3","2","3","4","2","2","4","3","5","4","5","2","3","4","3","4","1","2","4","4","3","3","4","3","3","2","4","4","4","4","1","2"
"8",44,"0","Ingenieria y Arquitectura","1",15,"1","Asociado","1","4","4","4","3","4","4","5","5","4","5","4","2","4","4","3","4","3","3","3","5","5","4","3","2","4","4","4","4","5","5","4","3","5","5","4","4","4","4","4","4","5","4","4"
"9",40,"0","Ingenieria y Arquitectura","1",18,"1","Asociado","1","4","4","5","5","4","4","4","5","4","4","5","2","4","4","4","2","3","5","5","5","4","4","1","1","4","4","5","4","5","5","4","3","4","4","4","3","3","4","5","4","5","1","5"
"10",39,"0","Ingenieria y Arquitectura","0",12,"1","Profesor","1","5","4","4","4","4","4","5","4","4","4","4","2","5","4","4","3","3","4","3","5","5","5","3","2","4","4","4","5","5","4","3","2","4","4","5","5","4","5","4","5","5","3","3"
"11",38,"0","Artes y Humanidades","0",10,"1","Profesor","0","3","2","3","5","4","3","4","4","4","3","2","4","4","4","3","1","2","2","3","4","4","4","2","1","1","1","4","1","2","1","5","4","3","3","5","4","4","3","3","4","4","1","3"
"12",38,"0","Ciencias de la Salud","1",15,"1","Asociado","1","4","4","4","5","5","5","5","5","4","4","3","3","3","4","3","3","2","3","3","4","3","4","4","4","4","3","4","2","3","4","5","5","4","4","5","4","5","4","2","4","4","4","2"
"13",38,"0","Derecho y Politica","1",14,"1","Asociado","1","3","2","3","4","4","4","4","4","3","5","3","4","3","2","2","2","2","2","2","4","2","4","2","1","2","3","3","3","1","2","5","4","3","3","5","5","3","2","3","4","4","2","2"
"14",38,"0","Artes y Humanidades","1",5,"1","Asistente","0","3","3","4","4","4","3","4","3","3","3","3","3","3","4","3","1","4","4","3","5","5","5","2","1","3","1","4","1","1","1","4","2","3","4","5","5","4","4","3","3","4","2","1"
"15",39,"0","Ingenieria y Arquitectura","1",10,"1","Asistente","0","2","3","3","4","4","4","5","5","2","4","2","3","3","2","2","1","2","2","2","2","3","3","2","1","2","2","2","3","3","4","2","2","3","2","4","4","4","4","4","5","5","1","4"
"16",43,"0","Artes y Humanidades","1",12,"1","Asociado","1","4","4","4","5","5","3","4","4","4","4","4","2","5","5","5","5","2","1","3","5","5","5","5","4","5","5","5","3","2","5","5","2","5","5","3","3","4","5","5","5","5","2","2"
"17",38,"0","Ingenieria y Arquitectura","1",14,"1","Asociado","1","4","4","4","5","4","3","4","4","4","4","3","3","4","4","3","4","3","4","3","5","4","5","3","3","4","4","4","4","3","3","5","3","4","5","4","4","3","3","4","4","4","3","4"
"18",38,"0","Artes y Humanidades","1",12,"1","Asociado","0","3","2","3","5","4","3","4","4","3","4","3","5","2","3","3","1","3","3","3","4","5","3","2","1","3","3","3","4","3","3","4","4","3","3","4","4","4","2","2","3","4","1","3"
"19",37,"0","Artes y Humanidades","1",9,"1","Asociado","0","3","2","3","4","3","3","4","3","2","2","2","4","1","3","3","1","2","3","3","3","4","3","1","1","2","2","2","3","2","3","3","3","2","2","3","3","3","3","2","2","4","1","2"
"20",35,"0","Ingenieria y Arquitectura","1",7,"1","Asociado","0","4","4","4","3","4","3","4","4","2","3","3","3","3","2","3","2","3","4","2","5","2","4","2","3","3","3","3","4","4","4","4","1","3","3","4","3","3","3","4","3","4","3","3"
"21",59,"0","Ciencias","1",36,"1","Profesor","0","4","4","4","4","4","3","4","3","4","4","3","3","5","4","3","3","3","3","3","5","5","5","4","3","4","4","4","4","2","4","4","2","4","4","4","3","3","5","4","4","4","1","2"
"22",36,"0","Ingenieria y Arquitectura","1",9,"1","Asociado","0","3","3","4","5","4","3","4","4","2","1","1","3","3","4","4","2","3","5","3","5","5","5","1","1","2","2","3","1","2","2","5","2","3","3","4","2","1","4","2","2","3","1","2"
"23",34,"0","Ingenieria y Arquitectura","1",7,"1","Asociado","0","3","3","3","5","5","4","2","4","2","4","2","3","2","2","4","1","3","4","3","4","4","4","1","1","3","3","4","1","2","1","4","1","2","2","4","2","4","2","2","2","2","1","5"
"24",43,"0","Derecho y Politica","0",19,"1","Profesor","0","2","3","3","4","4","2","4","4","3","3","2","2","3","2","2","1","2","2","2","4","4","4","2","2","2","2","3","2","2","3","4","3","2","2","3","3","3","3","2","3","3","1","1"
"25",43,"0","Ciencias de la Salud","0",4,"1","Profesor","0","2","2","2","3","2","3","4","2","2","2","2","3","2","2","2","2","2","2","2","3","3","3","1","1","2","2","2","2","3","1","4","4","2","2","3","3","3","3","2","2","2","1","2"
"26",32,"0","Ingenieria y Arquitectura","1",8,"1","Asociado","0","3","4","4","5","4","4","5","5","4","4","4","3","5","4","4","1","3","5","4","5","5","5","2","1","2","2","5","2","1","4","3","3","3","3","4","4","3","4","4","5","5","1","4"
"27",32,"0","Ingenieria y Arquitectura","0",7,"1","Profesor","0","4","3","3","5","4","3","5","5","3","4","2","5","4","3","4","1","3","5","2","5","4","4","1","1","1","1","2","1","1","1","4","1","2","2","2","5","1","5","1","2","4","1","1"
"28",52,"0","Artes y Humanidades","1",10,"1","Asistente","1","2","2","4","5","4","2","3","4","4","4","2","4","1","2","4","1","2","4","3","4","4","2","1","1","4","3","4","1","1","1","4","3","2","4","4","5","3","3","4","5","5","2","3"
"29",33,"0","Ingenieria y Arquitectura","1",5,"1","Asistente","0","2","3","4","3","4","3","4","4","4","4","3","2","3","2","3","2","2","4","2","3","4","4","2","1","2","3","2","2","1","2","3","1","2","3","5","5","5","5","4","4","4","1","3"
"30",32,"0","Artes y Humanidades","0",2,"1","Instructor","0","4","4","5","4","4","5","5","4","3","5","3","2","4","3","3","4","4","5","4","5","5","5","3","3","4","4","4","5","1","3","5","5","3","4","5","2","2","4","4","5","3","2","4"
"31",62,"0","Artes y Humanidades","1",17,"1","Asociado","1","4","4","5","5","4","4","3","3","5","5","3","3","4","2","3","5","2","2","2","4","4","4","4","5","5","4","4","5","4","4","3","2","4","5","3","5","3","4","5","5","3","4","4"
"32",50,"0","Artes y Humanidades","1",23,"1","Asociado","1","5","5","5","5","5","4","5","5","4","4","4","2","5","5","3","4","2","2","4","5","4","4","3","4","4","4","4","3","1","4","2","2","5","5","5","4","3","4","4","5","4","2","4"
"33",48,"0","Artes y Humanidades","1",16,"1","Asociado","0","5","5","5","4","4","4","4","4","4","4","3","2","3","4","3","1","4","3","4","5","5","5","1","4","4","4","4","5","5","3","5","5","5","5","5","5","1","1","5","5","5","1","4"
"34",42,"0","Ciencias de la Salud","1",12,"1","Asistente","0","2","3","4","3","4","3","4","4","3","3","3","3","4","3","4","2","2","4","3","4","5","5","2","1","2","2","3","1","4","3","5","5","1","2","1","1","2","1","3","4","4","1","2"
"35",53,"1","Artes y Humanidades","1",6,"1","Asociado","0","2","2","2","4","4","3","3","3","2","4","2","3","2","2","3","1","1","1","1","3","3","3","1","1","2","2","3","3","3","2","5","5","3","2","5","5","5","5","2","4","4","1","3"
"36",46,"1","Ingenieria y Arquitectura","1",16,"1","Asistente","0","3","3","3","4","4","3","4","3","3","4","3","3","3","2","3","2","2","4","3","4","3","4","3","2","3","2","3","2","2","3","4","2","4","4","4","4","4","4","4","3","4","2","3"
"37",48,"1","Artes y Humanidades","1",16,"1","Asociado","0","3","3","3","5","5","2","4","3","3","3","3","4","2","2","4","2","3","3","3","5","4","4","3","3","4","1","3","1","1","1","3","2","2","4","4","1","1","5","4","5","4","1","3"
"38",43,"1","Ingenieria y Arquitectura","1",16,"1","Asistente","1","4","4","4","4","3","3","4","4","4","4","4","3","4","4","4","3","4","4","3","4","4","4","4","4","4","4","4","2","2","2","4","4","4","4","4","4","4","4","4","4","3","3","4"
"39",46,"1","Ciencias de la Salud","1",22,"1","Asociado","0","4","3","3","3","5","3","3","2","4","4","2","3","5","4","3","1","2","4","4","2","2","2","1","3","1","1","4","1","1","1","5","4","3","2","4","5","4","4","1","4","4","1","4"
"40",55,"1","Artes y Humanidades","1",9,"1","Asociado","1","4","4","4","4","4","4","3","3","3","3","3","2","3","4","3","1","3","2","3","4","4","5","4","2","4","2","4","2","1","2","4","4","4","4","5","5","5","5","4","4","4","3","5"
"41",33,"1","Derecho y Politica","0",10,"1","Profesor","0","2","3","3","4","4","3","4","4","3","3","3","2","2","3","3","1","1","2","1","3","3","3","1","1","1","1","2","1","2","1","4","3","3","1","5","4","4","5","1","4","4","1","1"
"42",48,"1","Derecho y Politica","1",14,"1","Asociado","0","2","3","3","5","5","2","4","3","3","3","3","5","4","5","3","1","2","4","2","5","4","5","1","3","1","1","1","1","2","3","5","2","2","3","5","2","2","4","2","5","3","1","2"
"43",44,"1","Artes y Humanidades","1",15,"1","Asociado","0","3","3","5","5","4","3","3","5","3","3","3","4","3","3","4","1","1","2","2","5","5","5","2","1","3","2","3","5","5","3","5","4","4","4","5","5","5","5","5","5","2","1","3"
"44",40,"1","Ciencias de la Salud","1",2,"1","Asistente","0","3","3","3","5","4","3","3","4","3","3","3","4","4","4","4","2","2","3","2","4","4","5","2","3","2","2","3","3","3","3","4","2","2","3","3","2","2","5","3","4","4","2","4"
"45",29,"1","Ingenieria y Arquitectura","0",5,"1","Profesor","0","3","3","2","5","3","4","4","4","3","4","3","4","4","3","4","2","3","4","2","4","4","4","1","1","2","2","3","3","4","4","5","4","3","3","4","4","3","3","2","4","4","2","5"
"46",32,"1","Artes y Humanidades","1",3,"1","Asistente","0","3","3","3","4","5","3","4","4","4","4","4","3","4","4","3","1","2","2","2","4","4","4","3","1","3","3","4","3","3","3","3","3","4","4","5","5","4","3","4","4","4","1","1"
"47",31,"1","Artes y Humanidades","0",5,"1","Profesor","0","5","5","5","5","5","4","5","5","4","4","4","2","4","4","4","4","2","2","4","5","5","5","4","1","4","4","5","4","2","4","4","1","4","4","3","4","3","5","5","5","5","1","2"
"48",33,"1","Artes y Humanidades","0",8,"1","Profesor","0","5","3","3","4","5","4","4","4","3","3","3","5","5","5","4","1","4","4","4","4","4","4","3","3","3","3","4","3","3","3","4","5","4","5","5","5","5","5","2","3","3","1","3"
"49",31,"1","Artes y Humanidades","1",5,"1","Asistente","1","4","4","4","3","5","3","5","5","4","4","3","3","5","5","4","3","4","5","3","5","5","5","2","1","3","3","4","2","3","5","4","4","3","3","5","5","4","3","5","5","5","2","3"
"50",30,"1","Derecho y Politica","0",2,"1","Profesor","0","3","3","4","3","3","3","4","4","3","3","3","4","4","3","3","2","4","5","4","4","4","4","2","3","3","3","4","3","3","2","5","3","3","3","4","4","4","3","4","4","4","2","2"
"51",46,"1","Derecho y Politica","1",17,"1","Profesor","0","2","2","3","5","4","4","5","4","4","4","3","2","3","1","1","4","1","3","2","5","5","5","2","1","2","3","4","2","1","4","5","4","3","3","4","2","1","3","3","4","4","1","1"
"52",55,"1","Artes y Humanidades","1",25,"1","Asociado","0","2","2","2","4","4","4","3","2","3","3","2","3","2","2","3","1","1","2","3","4","5","5","1","2","2","2","2","2","2","1","3","3","2","2","5","4","5","4","2","3","4","1","2"
"53",44,"1","Derecho y Politica","0",19,"1","Asistente","0","3","3","3","4","4","4","4","4","3","3","2","4","3","4","4","2","2","4","3","4","4","4","2","2","2","2","3","1","1","4","4","3","3","3","4","3","3","3","3","4","3","1","4"
"54",46,"0","Ciencias de la Salud","0",4,"1","Adjunto","0","2","2","2","4","3","3","3","3","2","2","2","2","1","1","2","1","1","3","1","3","3","3","1","1","1","1","1","2","2","1","3","3","1","1","1","1","1","1","1","1","2","1","2"
"55",51,"0","Artes y Humanidades","1",5,"1","Adjunto","0","4","4","4","4","4","3","3","4","4","4","3","4","3","4","3","1","3","5","3","5","4","5","2","1","1","1","4","5","2","2","5","5","3","3","2","4","2","3","2","4","2","1","5"
"56",45,"0","Ciencias","0",6,"1","Adjunto","0","4","4","3","5","4","3","4","4","3","4","4","3","3","3","3","3","4","4","4","4","4","4","2","2","3","4","4","1","4","1","4","4","4","4","4","4","4","4","3","4","4","1","2"
"57",39,"0","Ingenieria y Arquitectura","0",5,"1","Adjunto","0","4","3","4","4","5","3","5","5","3","4","4","4","4","3","3","1","3","2","3","5","5","3","2","1","2","2","3","1","5","3","4","4","2","2","4","3","4","4","4","4","4","1","1"
"58",40,"0","Ciencias","0",12,"1","Adjunto","0","4","5","4","5","5","4","3","4","5","5","4","2","4","3","4","5","4","5","4","5","5","5","3","3","4","4","5","2","3","2","4","3","4","4","5","4","3","4","4","4","4","1","3"
"59",53,"0","Ingenieria y Arquitectura","0",7,"1","Adjunto","0","3","4","4","4","4","3","5","4","4","5","4","3","3","3","3","3","3","4","4","4","4","5","3","2","4","4","4","2","2","2","4","3","4","4","4","4","4","3","4","4","4","1","3"
"60",51,"0","Ingenieria y Arquitectura","0",5,"1","Adjunto","0","3","4","5","3","3","2","4","4","3","3","2","3","2","3","3","2","2","3","3","4","4","5","2","2","2","2","4","2","2","1","4","3","2","3","2","2","2","2","2","4","4","1","3"
"61",46,"0","Ingenieria y Arquitectura","0",15,"1","Adjunto","0","3","3","3","4","4","3","4","4","3","4","4","4","4","3","5","2","3","3","4","5","4","4","2","3","3","3","4","3","2","2","3","3","3","3","3","3","4","3","3","4","4","1","5"
"62",43,"0","Derecho y Politica","1",20,"1","Adjunto","0","2","2","1","4","3","3","2","3","2","2","2","4","1","2","3","1","1","3","1","3","4","3","1","1","1","1","2","2","2","2","3","2","1","1","1","1","1","1","1","2","3","1","1"
"63",44,"0","Artes y Humanidades","1",20,"1","Adjunto","0","3","4","4","4","4","2","5","4","4","3","3","3","3","3","3","1","2","2","2","3","2","3","1","1","3","2","4","1","1","1","3","3","3","3","3","5","3","3","2","3","1","1","1"
"64",47,"0","Ciencias","1",21,"1","Adjunto","0","5","5","5","5","3","4","4","4","3","4","2","2","3","4","4","4","4","4","3","4","4","4","2","2","4","4","4","4","4","4","5","3","4","4","5","5","5","5","4","4","4","1","1"
"65",33,"0","Ingenieria y Arquitectura","0",5,"1","Adjunto","0","2","3","3","4","4","4","5","4","3","3","3","1","4","1","2","2","2","3","2","3","4","4","2","2","1","1","2","1","1","2","4","4","2","2","3","3","1","3","2","3","3","1","5"
"66",46,"0","Ingenieria y Arquitectura","1",23,"1","Adjunto","1","2","3","4","2","5","3","3","3","3","4","2","4","3","3","4","4","3","4","2","5","4","4","4","2","3","3","3","1","2","5","2","3","2","3","2","3","2","2","4","4","4","1","2"
"67",43,"0","Ingenieria y Arquitectura","0",15,"1","Adjunto","0","3","3","3","5","5","3","4","4","3","4","3","3","3","3","3","3","2","4","3","5","5","5","1","1","3","3","3","1","1","2","3","3","3","3","4","3","3","3","4","4","5","1","2"
"68",47,"0","Ciencias","1",19,"1","Adjunto","0","3","3","3","4","4","4","4","4","3","3","3","3","3","3","3","3","2","4","2","3","3","3","3","3","3","3","3","3","3","3","3","3","3","3","3","3","3","3","3","3","3","3","3"
"69",47,"0","Ingenieria y Arquitectura","1",20,"1","Adjunto","0","4","4","4","5","3","4","5","5","3","4","3","2","3","3","4","2","2","4","4","4","3","4","1","1","3","3","3","2","2","2","4","3","3","3","5","4","4","4","4","4","4","1","4"
"70",48,"0","Ciencias","1",25,"1","Adjunto","0","4","5","5","4","4","2","4","4","4","4","4","2","4","4","3","3","2","3","4","5","4","5","4","4","4","4","5","2","3","2","2","1","4","4","4","4","3","4","4","4","4","1","1"
"71",45,"0","Derecho y Politica","0",12,"1","Adjunto","0","3","3","3","5","5","2","4","4","3","3","2","2","3","3","3","2","2","4","2","4","4","5","1","1","3","2","3","3","3","2","4","3","3","3","5","2","4","5","1","4","4","1","1"
"72",53,"0","Ciencias","0",12,"1","Adjunto","0","3","2","4","4","3","3","4","3","4","4","4","3","3","2","3","2","3","4","3","3","4","5","2","1","2","1","4","2","2","1","4","4","3","2","4","3","2","3","4","3","2","1","4"
"73",43,"0","Derecho y Politica","1",18,"1","Adjunto","0","2","2","2","5","4","2","4","5","3","3","2","2","2","2","3","2","2","3","2","3","4","5","2","1","2","2","3","1","2","1","3","3","2","2","4","3","3","3","3","4","5","1","1"
"74",39,"0","Ingenieria y Arquitectura","1",14,"1","Adjunto","1","4","4","5","4","4","5","5","5","4","5","3","1","4","3","5","5","2","4","4","5","5","5","2","3","5","4","5","3","3","4","4","3","5","5","3","4","3","5","5","5","5","4","2"
"75",44,"0","Derecho y Politica","0",16,"1","Adjunto","0","2","2","2","5","3","3","4","3","2","2","2","4","2","3","3","1","2","2","2","3","3","3","1","1","1","1","2","2","2","3","3","3","2","2","3","3","3","3","2","3","3","1","1"
"76",39,"0","Ingenieria y Arquitectura","0",7,"1","Adjunto","0","3","4","5","5","5","3","5","5","5","5","5","1","5","3","3","5","3","5","3","5","5","5","3","4","5","5","4","3","2","3","4","4","5","5","4","2","2","2","4","4","4","1","2"
"77",43,"0","Ingenieria y Arquitectura","0",7,"1","Adjunto","0","4","3","3","5","5","4","4","5","4","4","4","2","2","3","2","1","3","5","3","5","5","5","1","1","3","3","4","1","2","1","4","4","2","2","2","4","4","3","3","3","4","2","1"
"78",46,"0","Artes y Humanidades","0",12,"1","Adjunto","0","4","3","5","5","5","4","4","5","4","3","3","2","4","4","4","2","3","4","4","5","5","5","2","2","4","4","5","4","4","2","5","5","4","4","5","5","4","4","4","5","5","2","5"
"79",58,"0","Ingenieria y Arquitectura","0",10,"1","Adjunto","0","3","3","4","5","4","5","4","4","3","3","3","3","4","4","3","2","3","5","4","5","5","5","2","3","2","2","4","4","5","4","5","5","3","3","5","4","3","3","3","4","4","2","5"
"80",56,"0","Ciencias de la Salud","0",22,"1","Adjunto","0","2","2","3","4","3","2","4","4","3","2","2","4","2","3","2","1","4","4","4","4","4","5","1","1","2","1","4","2","2","1","4","4","2","2","5","3","5","5","2","3","4","1","3"
"81",46,"0","Artes y Humanidades","0",10,"1","Adjunto","0","3","2","2","5","5","4","3","3","3","4","4","4","3","2","3","1","2","3","2","5","5","5","1","1","2","1","3","1","1","1","5","5","1","1","3","1","1","1","1","2","5","1","1"
"82",44,"0","Ingenieria y Arquitectura","0",1,"1","Adjunto","1","3","4","4","4","5","4","5","5","4","5","2","3","4","4","4","4","3","5","4","4","5","5","2","4","2","2","3","2","5","4","5","4","3","4","4","3","3","3","5","5","5","4","4"
"83",49,"0","Ciencias","1",20,"1","Adjunto","0","1","2","1","2","2","1","2","2","1","1","1","5","1","1","1","1","2","5","3","5","5","4","1","1","2","1","2","1","1","1","4","4","1","1","5","5","5","5","2","2","4","1","1"
"84",48,"0","Ciencias","1",20,"1","Adjunto","0","2","3","3","5","5","3","3","3","4","4","4","3","3","3","3","3","3","4","3","5","3","3","1","1","3","3","4","1","1","1","3","3","3","2","4","4","3","5","3","2","2","1","1"
"85",46,"0","Ingenieria y Arquitectura","1",23,"1","Adjunto","1","5","5","5","5","4","3","4","5","4","4","3","2","4","3","3","5","3","3","3","5","5","5","4","2","5","5","5","5","5","5","3","4","5","5","3","1","1","1","5","5","5","3","3"
"86",55,"0","Ciencias de la Salud","1",20,"1","Adjunto","1","5","5","5","5","5","5","5","5","5","5","5","5","5","5","5","5","5","5","5","5","5","5","5","5","5","5","5","5","5","5","5","5","5","5","5","5","5","5","5","5","5","5","5"
"87",43,"0","Artes y Humanidades","0",12,"1","Adjunto","0","4","4","4","5","5","3","4","4","4","3","3","4","3","3","3","2","2","4","3","5","3","5","3","1","3","3","4","2","4","1","4","2","3","4","3","3","3","3","4","5","5","1","5"
"88",46,"0","Derecho y Politica","0",7,"1","Adjunto","0","3","3","3","2","5","2","3","4","3","4","2","5","2","2","2","1","2","4","3","4","4","5","2","1","2","2","2","1","5","4","4","3","2","2","5","4","5","3","2","3","4","1","2"
"89",50,"0","Artes y Humanidades","0",12,"1","Adjunto","1","5","3","5","3","5","3","5","4","4","4","3","1","4","4","3","3","3","5","5","5","5","5","3","5","5","5","5","5","5","3","5","5","5","5","3","5","5","5","5","5","5","1","3"
"90",37,"0","Ingenieria y Arquitectura","1",12,"1","Adjunto","0","5","5","5","5","5","5","5","5","4","4","4","2","4","4","2","3","3","3","4","4","2","5","3","2","4","4","4","1","1","1","4","2","4","4","3","3","3","4","4","4","4","1","2"
"91",44,"0","Artes y Humanidades","0",12,"1","Adjunto","1","5","5","5","4","4","4","5","4","4","4","3","2","5","4","5","3","3","3","2","5","5","5","3","4","5","5","5","3","5","5","3","1","5","4","5","5","5","5","4","4","4","4","5"
"92",47,"0","Ingenieria y Arquitectura","0",7,"1","Adjunto","0","3","4","5","4","4","2","4","3","5","5","5","3","4","3","3","4","5","3","4","5","5","5","4","2","5","5","5","2","5","5","4","2","5","4","3","4","3","3","5","5","5","2","2"
"93",46,"0","Derecho y Politica","0",1,"1","Adjunto","0","4","4","4","5","5","5","4","4","4","4","3","5","4","4","4","3","2","2","2","4","5","5","1","1","3","3","4","5","5","5","5","5","3","3","4","2","4","4","1","3","4","1","1"
"94",37,"0","Ingenieria y Arquitectura","0",6,"1","Adjunto","0","4","4","4","4","4","4","5","5","3","3","3","2","3","3","3","2","4","4","4","4","4","4","4","1","3","4","3","2","3","2","3","3","4","3","5","5","5","5","5","4","5","2","3"
"95",51,"0","Ciencias de la Salud","1",20,"1","Adjunto","1","3","3","4","5","4","5","4","5","3","3","2","2","3","3","4","2","2","5","2","5","2","5","1","1","3","3","2","5","3","1","5","3","3","3","5","4","5","5","4","4","3","3","4"
"96",33,"0","Artes y Humanidades","1",9,"1","Adjunto","1","2","2","2","5","3","4","2","3","3","3","2","4","2","2","3","1","1","1","2","5","3","5","1","1","1","1","1","3","2","4","3","1","2","2","2","2","2","2","1","2","3","1","4"
"97",33,"0","Derecho y Politica","0",3,"1","Adjunto","0","4","4","4","4","4","4","5","5","4","4","3","3","3","3","3","3","2","2","4","4","4","5","1","2","3","4","3","3","4","1","5","5","4","4","5","4","5","5","2","4","4","1","3"
"98",37,"0","Artes y Humanidades","0",6,"1","Adjunto","0","4","3","5","5","5","4","4","4","5","4","4","2","4","3","4","2","3","3","5","4","4","4","3","3","3","3","4","5","4","4","4","2","3","3","4","5","5","3","2","5","5","1","3"
"99",34,"0","Ingenieria y Arquitectura","1",10,"1","Adjunto","0","4","4","5","5","5","3","4","4","4","4","3","1","4","3","2","3","4","4","3","5","1","4","3","1","4","4","4","1","1","1","3","1","3","4","2","4","1","1","4","3","2","1","1"
"100",38,"0","Artes y Humanidades","0",7,"1","Adjunto","0","3","4","4","4","4","3","4","4","4","4","3","4","4","4","3","1","2","3","4","5","5","5","3","3","4","4","4","2","4","3","5","3","4","4","4","4","4","4","4","4","4","2","4"
"101",50,"0","Artes y Humanidades","1",17,"1","Adjunto","0","2","3","5","5","4","4","4","3","3","3","3","3","3","4","2","2","2","2","2","4","5","5","2","2","4","3","4","1","1","3","2","2","3","4","3","2","3","2","4","5","5","5","3"
"102",40,"0","Derecho y Politica","0",16,"1","Adjunto","0","3","3","2","4","2","4","3","3","2","2","2","4","2","3","2","1","2","2","2","4","4","4","1","1","1","1","2","2","4","1","1","1","1","1","1","1","1","1","1","1","2","2","1"
"103",41,"0","Artes y Humanidades","1",10,"1","Adjunto","0","3","3","4","3","5","4","4","3","4","4","3","2","3","2","3","3","4","4","3","3","4","4","2","2","4","4","3","2","3","2","3","3","3","3","3","3","4","4","5","5","5","3","2"
"104",42,"0","Ciencias","1",15,"1","Adjunto","0","4","5","5","5","5","4","5","4","4","4","4","1","3","3","4","2","4","3","4","3","1","4","3","2","4","3","5","2","1","2","3","3","3","3","1","1","1","1","4","2","3","2","3"
"105",36,"0","Ingenieria y Arquitectura","0",12,"1","Adjunto","0","4","3","4","4","3","3","3","4","4","4","3","3","3","3","3","3","3","3","3","5","4","3","4","3","3","2","4","4","5","4","1","2","3","4","4","3","2","3","2","3","4","5","1"
"106",47,"0","Ingenieria y Arquitectura","1",24,"1","Adjunto","0","1","2","2","4","3","4","3","3","1","2","2","3","1","1","3","2","2","4","3","4","3","5","2","1","2","2","2","1","1","4","4","4","2","2","2","2","2","2","3","2","1","1","2"
"107",35,"0","Ingenieria y Arquitectura","1",5,"1","Adjunto","0","4","4","5","5","5","5","5","5","5","5","4","2","4","5","3","1","5","5","5","5","5","5","4","2","2","2","5","1","3","3","5","5","4","4","5","2","2","2","5","5","5","1","4"
"108",45,"0","Derecho y Politica","1",22,"1","Adjunto","0","2","2","2","3","3","3","2","3","2","2","1","5","1","2","3","1","1","3","1","4","4","4","2","2","1","1","2","4","4","2","2","1","1","1","5","3","3","5","1","2","1","1","4"
"109",46,"0","Ciencias de la Salud","1",10,"1","Adjunto","0","5","5","5","5","5","3","5","4","4","4","4","2","4","4","3","2","2","4","4","4","2","4","3","3","4","2","4","2","3","1","4","3","4","4","4","4","4","4","4","4","4","2","4"
"110",46,"0","Ciencias de la Salud","1",20,"1","Adjunto","0","3","3","4","5","5","3","4","5","3","3","3","3","2","3","2","1","3","4","3","5","5","5","2","2","4","4","4","1","1","1","4","4","3","3","5","5","3","4","4","4","4","1","3"
"111",41,"0","Ingenieria y Arquitectura","0",13,"1","Adjunto","0","3","4","3","4","4","4","5","4","3","3","3","4","3","3","3","1","3","4","3","4","4","4","3","3","4","3","5","2","5","1","3","2","4","4","4","4","3","4","4","4","2","2","3"
"112",42,"0","Ingenieria y Arquitectura","0",8,"1","Adjunto","0","3","3","3","5","4","2","5","4","2","2","3","3","1","3","3","1","2","4","4","5","5","5","3","3","3","2","4","1","1","2","3","3","2","1","2","2","2","2","3","4","4","1","2"
"113",48,"0","Derecho y Politica","0",10,"1","Adjunto","0","2","2","2","4","5","1","2","3","2","3","3","2","2","2","2","1","1","3","1","3","3","3","2","2","2","1","3","2","1","1","4","4","2","1","2","2","2","1","1","2","1","1","1"
"114",43,"0","Ciencias","1",5,"1","Adjunto","0","2","4","3","4","4","2","3","4","3","4","3","2","4","4","2","3","4","3","2","5","5","5","4","4","5","5","4","2","5","4","4","3","4","4","4","3","2","4","4","3","3","1","4"
"115",33,"0","Ingenieria y Arquitectura","0",12,"1","Adjunto","0","2","2","3","3","3","3","3","3","2","2","2","2","2","2","2","1","2","2","2","2","2","2","2","1","1","1","2","1","2","1","2","2","1","2","1","1","1","1","1","1","1","1","1"
"116",42,"0","Ingenieria y Arquitectura","1",14,"1","Adjunto","0","2","3","3","5","4","2","4","3","4","4","3","2","4","3","3","2","2","4","1","5","4","4","2","2","3","2","3","1","2","2","4","3","2","2","4","3","3","4","4","3","4","2","2"
"117",46,"0","Ciencias","1",22,"1","Adjunto","0","3","4","4","5","4","3","4","4","5","5","5","2","5","2","3","2","5","5","4","5","5","5","1","1","3","4","5","1","1","2","5","4","4","4","2","5","5","3","4","3","3","1","2"
"118",47,"0","Ingenieria y Arquitectura","1",23,"1","Adjunto","0","3","3","3","4","4","4","3","3","3","3","3","3","3","4","2","2","2","3","2","4","3","3","1","1","3","3","3","2","2","3","2","1","2","3","4","4","3","4","2","4","3","1","1"
"119",55,"0","Artes y Humanidades","0",20,"1","Adjunto","0","4","3","4","5","4","5","4","4","3","4","3","3","4","3","3","1","2","3","4","4","4","5","3","3","3","4","4","1","2","2","4","3","3","3","3","3","3","3","3","4","4","1","5"
"120",33,"0","Ingenieria y Arquitectura","0",2,"1","Adjunto","0","3","3","4","3","3","3","4","3","3","3","3","2","3","3","2","2","4","3","3","4","3","3","1","1","3","2","3","2","1","1","4","2","2","3","3","3","3","3","3","3","3","1","1"
"121",47,"0","Ingenieria y Arquitectura","1",24,"1","Adjunto","0","2","2","2","4","4","4","2","3","3","3","2","4","2","1","3","1","1","2","1","3","1","4","1","1","1","1","1","3","3","1","3","4","2","1","4","2","2","2","1","3","3","1","2"
"122",38,"0","Derecho y Politica","0",10,"1","Adjunto","0","3","3","3","4","4","3","3","3","4","4","4","3","3","3","3","1","3","3","3","4","4","4","1","1","2","2","3","1","2","1","4","3","3","3","4","4","4","4","2","2","2","1","1"
"123",44,"0","Derecho y Politica","0",12,"1","Adjunto","0","2","3","1","3","2","5","4","3","2","5","4","5","5","5","3","1","1","2","1","4","5","3","1","1","1","1","1","1","1","2","4","2","1","1","5","4","3","3","1","2","3","1","1"
"124",36,"0","Derecho y Politica","0",8,"1","Adjunto","0","3","3","3","5","3","2","4","5","5","5","4","2","4","4","4","1","3","3","2","5","5","5","1","1","2","2","4","1","1","1","4","3","4","3","5","4","4","4","3","3","3","1","2"
"125",40,"0","Artes y Humanidades","0",8,"1","Adjunto","0","2","2","3","3","3","3","4","3","3","3","2","3","3","4","4","2","2","4","2","4","5","5","2","1","2","2","2","2","3","2","4","3","3","3","5","5","5","5","4","4","4","1","3"
"126",44,"0","Derecho y Politica","1",16,"1","Adjunto","0","4","3","3","3","5","4","5","5","3","3","3","4","4","3","4","1","1","2","1","4","4","4","1","1","1","1","3","1","1","1","1","1","1","1","3","2","2","5","1","3","4","1","1"
"127",54,"0","Artes y Humanidades","1",7,"1","Adjunto","0","3","4","4","4","4","4","5","4","3","3","2","2","3","3","3","1","2","2","4","3","4","4","2","1","3","2","4","1","2","1","5","5","3","3","4","4","4","4","4","5","5","1","1"
"128",45,"0","Derecho y Politica","1",15,"1","Adjunto","0","4","3","3","5","4","3","4","4","3","3","3","5","2","2","3","2","1","2","1","3","3","3","1","1","2","2","3","2","2","2","2","1","1","3","3","3","3","3","3","1","5","1","1"
"129",41,"0","Artes y Humanidades","1",11,"1","Adjunto","0","4","3","3","5","5","4","5","5","2","3","3","3","2","4","3","1","2","3","4","5","5","4","2","1","2","2","3","1","3","2","4","3","3","3","4","4","3","2","4","5","5","1","1"
"130",40,"0","Artes y Humanidades","1",12,"1","Adjunto","0","2","3","2","2","3","4","4","4","2","3","4","5","3","4","3","2","4","4","4","2","2","2","2","3","2","1","3","1","1","1","3","4","2","2","3","3","3","3","3","2","4","3","2"
"131",69,"0","Ingenieria y Arquitectura","0",10,"1","Adjunto","0","3","3","3","3","3","3","3","3","3","3","3","3","3","3","3","3","3","3","3","3","3","3","3","3","3","3","3","3","3","3","4","4","3","3","3","4","3","4","3","3","3","3","3"
"132",38,"0","Ingenieria y Arquitectura","0",4,"1","Adjunto","0","2","3","3","4","4","4","5","5","3","4","4","3","4","3","4","5","3","2","3","5","5","5","3","1","3","3","5","5","3","5","3","3","3","5","5","3","5","3","5","5","3","1","5"
"133",34,"0","Ingenieria y Arquitectura","1",10,"1","Adjunto","1","5","4","5","5","5","4","5","4","3","4","4","2","2","2","5","1","5","5","5","5","5","5","5","4","5","5","5","5","5","5","3","3","5","5","3","4","4","3","5","5","3","4","5"
"134",41,"0","Ciencias de la Salud","0",10,"1","Adjunto","1","3","4","3","5","5","3","4","4","4","4","4","3","3","4","2","2","4","4","4","4","3","5","2","4","4","4","4","1","2","2","4","5","3","3","4","2","5","3","2","3","3","1","3"
"135",41,"0","Artes y Humanidades","0",6,"1","Adjunto","0","2","2","3","5","5","5","3","5","2","3","3","3","3","4","4","1","2","2","2","5","4","5","1","1","1","1","2","3","4","4","4","4","1","2","5","3","3","4","2","2","3","1","4"
"136",34,"0","Ingenieria y Arquitectura","1",12,"1","Adjunto","0","5","5","3","4","4","5","5","4","3","3","3","4","4","4","4","1","4","4","4","5","5","5","2","2","2","1","5","2","3","1","3","1","2","2","4","3","3","4","4","4","4","2","1"
"137",41,"0","Ciencias","0",3,"1","Adjunto","0","2","2","2","3","4","4","4","4","2","2","2","3","2","2","2","2","2","3","2","3","3","3","2","2","2","2","3","2","2","3","4","3","2","2","3","2","2","3","2","2","2","2","2"
"138",42,"0","Ciencias","0",6,"1","Adjunto","0","5","4","4","5","5","3","4","4","4","4","4","2","4","4","3","4","4","5","4","5","5","5","4","3","4","4","5","2","2","1","5","3","5","4","4","4","4","4","4","4","4","1","4"
"139",39,"0","Ingenieria y Arquitectura","0",12,"1","Adjunto","1","4","4","4","5","4","3","4","4","3","3","3","3","3","3","3","3","3","3","3","3","3","3","3","3","3","3","3","4","4","4","3","3","3","3","3","3","3","3","4","4","3","3","4"
"140",39,"0","Derecho y Politica","0",3,"1","Adjunto","0","5","5","5","5","5","5","5","5","4","5","4","4","5","5","5","5","5","5","5","5","5","5","4","4","5","5","5","5","5","5","5","5","5","5","5","2","5","4","3","4","5","2","4"
"141",33,"0","Ciencias de la Salud","1",4,"1","Adjunto","0","3","4","5","4","4","3","5","5","4","4","2","4","4","3","3","1","3","2","3","4","3","4","3","1","4","4","4","4","3","1","2","1","3","3","5","3","3","4","4","5","5","1","2"
"142",53,"0","Artes y Humanidades","1",10,"1","Adjunto","1","5","5","5","5","5","5","5","5","5","4","4","3","4","4","2","2","2","4","3","5","5","5","3","3","4","4","3","4","5","4","5","4","4","4","5","4","5","5","4","4","4","4","4"
"143",48,"0","Derecho y Politica","0",8,"1","Adjunto","1","3","3","3","5","4","3","3","4","3","4","3","4","3","3","3","2","3","4","3","4","4","4","2","2","2","2","3","3","3","2","4","4","3","3","4","3","4","4","2","3","4","2","2"
"144",42,"0","Ciencias","1",5,"1","Adjunto","0","2","2","1","3","2","2","3","2","1","1","1","4","1","2","2","1","1","1","1","2","1","2","1","1","1","1","1","1","1","2","2","1","1","1","1","1","1","1","1","1","1","1","1"
"145",48,"0","Derecho y Politica","0",2,"1","Adjunto","0","3","3","3","5","5","4","4","4","3","2","2","4","3","3","4","1","2","2","3","5","5","5","1","1","3","3","3","1","4","1","5","3","3","3","5","5","5","5","3","3","4","1","3"
"146",35,"0","Ingenieria y Arquitectura","0",5,"1","Adjunto","0","2","4","4","4","4","4","4","3","3","4","4","3","4","4","3","3","4","4","3","4","5","4","2","2","4","4","4","2","2","2","3","3","4","4","4","3","4","4","4","4","4","2","4"
"147",35,"0","Ciencias","0",10,"1","Adjunto","1","4","4","5","4","4","4","4","4","3","4","3","2","4","4","4","3","3","4","4","5","5","5","4","3","4","4","4","4","4","5","4","3","4","4","4","4","3","4","5","5","5","3","5"
"148",38,"0","Artes y Humanidades","0",3,"1","Adjunto","0","3","2","4","5","5","5","5","5","4","4","3","3","3","3","2","1","3","3","4","5","5","5","2","1","3","1","3","5","5","3","3","4","2","4","4","4","4","3","3","5","4","2","1"
"149",28,"0","Ingenieria y Arquitectura","0",1,"1","Adjunto","0","1","3","2","5","5","5","2","5","2","2","3","3","1","3","3","2","2","5","3","5","4","4","2","2","3","3","3","2","3","1","4","3","3","3","4","4","4","4","2","3","4","2","2"
"150",36,"0","Ciencias de la Salud","1",8,"1","Adjunto","0","3","2","2","3","4","4","3","3","3","3","1","4","2","2","3","1","1","3","2","4","4","4","1","1","2","2","2","1","2","1","3","2","1","1","3","3","3","2","3","4","2","1","1"
"151",47,"0","Derecho y Politica","0",7,"1","Adjunto","0","2","2","2","4","4","4","3","3","3","3","3","4","2","2","2","1","3","4","2","3","2","4","1","1","1","1","2","2","2","2","4","3","2","3","3","4","3","3","2","2","3","1","5"
"152",36,"0","Ciencias","0",4,"1","Adjunto","0","3","3","3","5","4","3","5","5","4","5","2","3","4","3","3","3","3","3","3","5","5","5","2","1","3","4","4","5","5","5","3","3","4","4","5","5","5","5","2","2","4","1","3"
"153",38,"0","Ingenieria y Arquitectura","1",12,"1","Adjunto","0","5","5","5","5","5","3","5","5","5","5","4","3","4","3","3","1","4","5","4","5","5","5","3","1","5","3","5","1","2","2","4","2","4","4","4","4","4","5","3","5","5","1","4"
"154",44,"0","Artes y Humanidades","0",15,"1","Adjunto","0","5","3","5","5","5","5","5","5","4","4","2","5","3","3","3","1","3","3","3","5","5","5","3","5","5","5","5","5","5","3","5","3","5","5","5","5","5","3","5","5","5","3","5"
"155",42,"0","Artes y Humanidades","1",18,"1","Adjunto","0","2","2","4","5","4","4","4","4","4","3","3","4","2","3","3","1","2","1","2","5","3","5","1","1","2","3","4","5","5","4","2","4","4","3","3","2","2","2","4","5","3","4","1"
"156",57,"0","Ingenieria y Arquitectura","0",6,"1","Adjunto","0","4","4","3","5","4","3","4","4","4","3","4","2","3","3","3","1","3","3","3","4","4","5","1","2","2","2","4","2","2","1","4","3","3","2","1","4","3","2","4","5","3","1","1"
"157",48,"0","Ciencias","1",26,"1","Adjunto","0","3","3","4","5","5","3","4","4","4","4","3","3","4","3","3","1","3","4","3","5","5","4","2","1","4","3","4","1","3","2","3","3","4","3","4","4","4","3","4","4","5","1","1"
"158",36,"0","Artes y Humanidades","0",11,"1","Adjunto","1","3","4","5","5","4","4","5","5","4","4","2","5","4","3","4","1","3","4","4","5","5","5","2","3","4","4","5","2","3","1","4","4","4","4","2","2","4","4","4","5","5","3","2"
"159",36,"0","Ciencias de la Salud","1",7,"1","Adjunto","0","2","1","3","5","3","4","3","3","2","3","2","5","2","1","3","1","1","4","3","4","2","4","2","1","1","1","1","2","2","3","4","3","1","2","1","1","2","1","1","1","2","1","1"
"160",29,"0","Ingenieria y Arquitectura","0",1,"1","Adjunto","1","5","4","5","4","5","4","4","4","4","5","4","4","3","3","3","4","4","4","4","5","5","5","3","3","3","3","4","4","3","3","5","3","3","4","4","3","3","3","3","4","4","3","2"
"161",33,"0","Derecho y Politica","1",6,"1","Adjunto","0","3","4","3","4","4","5","5","5","3","3","3","3","3","4","3","3","1","5","1","5","5","5","2","2","3","1","4","4","4","3","5","5","5","5","5","3","5","5","2","4","4","1","3"
"162",39,"0","Derecho y Politica","1",10,"1","Adjunto","1","4","4","3","4","3","2","4","3","2","3","2","3","3","3","3","1","2","2","2","4","4","4","3","4","2","2","4","1","4","4","3","5","3","3","4","2","3","5","3","3","3","2","3"
"163",56,"0","Ingenieria y Arquitectura","0",4,"1","Adjunto","0","4","3","4","3","2","2","3","3","4","4","3","3","4","3","3","4","4","5","4","5","5","5","2","2","4","4","5","2","4","3","5","5","5","5","4","4","3","3","4","4","2","1","4"
"164",46,"0","Derecho y Politica","0",20,"1","Adjunto","0","3","2","2","3","3","3","3","3","4","3","3","3","4","3","3","3","4","3","3","2","3","3","3","3","4","3","2","4","4","4","2","2","3","3","3","3","2","3","3","2","3","2","3"
"165",45,"0","Ingenieria y Arquitectura","1",18,"1","Adjunto","0","3","2","3","3","3","3","2","2","3","4","2","2","2","1","2","2","2","4","2","2","2","3","3","1","3","2","2","1","1","1","2","1","1","1","1","2","3","2","3","2","2","1","1"
"166",39,"0","Artes y Humanidades","1",6,"1","Adjunto","0","1","1","2","5","3","3","2","3","2","2","2","5","1","3","3","1","3","1","3","5","5","5","1","2","2","1","3","1","1","3","5","5","2","1","5","3","5","5","2","1","3","1","2"
"167",37,"0","Ingenieria y Arquitectura","0",5,"1","Adjunto","1","5","5","5","5","5","5","5","5","5","5","5","5","5","5","5","5","5","5","5","5","5","5","5","5","5","5","5","5","5","5","5","5","5","5","5","5","5","5","5","5","5","5","5"
"168",41,"0","Ingenieria y Arquitectura","0",5,"1","Adjunto","0","4","4","5","4","4","3","4","4","3","3","3","2","3","3","3","5","3","2","3","4","4","4","4","3","4","4","4","1","3","4","5","3","4","4","4","4","4","5","5","4","4","1","1"
"169",42,"0","Artes y Humanidades","0",8,"1","Adjunto","1","4","3","4","5","5","4","5","4","4","4","3","4","3","4","3","3","3","4","4","5","5","5","3","2","4","3","4","3","4","4","5","5","4","4","5","2","3","5","2","3","4","3","4"
"170",44,"0","Ingenieria y Arquitectura","1",22,"1","Adjunto","0","4","3","4","4","4","3","3","4","3","4","2","4","3","4","3","2","2","3","3","4","3","4","2","1","2","2","3","1","4","2","3","4","2","2","3","3","2","2","3","3","3","2","4"
"171",29,"0","Ciencias","0",1,"1","Adjunto","0","4","3","3","4","5","4","5","5","4","4","2","5","3","4","3","1","2","3","3","5","5","5","1","1","2","2","2","1","3","2","5","3","3","2","5","4","3","2","1","4","3","1","4"
"172",36,"0","Ingenieria y Arquitectura","1",12,"1","Adjunto","0","5","5","5","5","5","4","5","5","4","5","4","3","4","4","4","1","2","2","1","5","5","5","3","1","5","3","5","1","5","5","4","1","3","3","3","4","3","4","4","4","4","1","2"
"173",33,"0","Ingenieria y Arquitectura","0",2,"1","Adjunto","0","5","5","5","5","3","3","4","4","4","4","4","4","5","3","4","3","5","4","5","5","5","5","1","1","3","3","5","2","2","1","5","5","3","2","3","3","3","3","4","5","5","1","2"
"174",44,"0","Derecho y Politica","0",4,"1","Adjunto","0","5","5","5","5","5","5","5","5","3","3","3","5","3","3","3","3","3","3","1","5","5","5","1","1","3","3","3","1","1","1","3","3","3","3","5","5","5","5","1","1","1","1","1"
"175",34,"0","Ingenieria y Arquitectura","0",11,"1","Adjunto","0","2","3","3","5","4","4","2","4","3","3","3","3","3","3","4","4","4","4","4","5","5","5","2","2","3","3","4","2","2","2","3","3","3","3","5","4","4","4","3","3","3","2","2"
"176",42,"0","Derecho y Politica","1",15,"1","Adjunto","0","2","3","3","5","3","3","4","4","3","3","2","2","3","3","2","1","2","3","4","5","5","5","2","3","3","2","3","4","4","4","4","4","2","3","3","4","4","4","3","4","4","1","3"
"177",35,"0","Ciencias","1",5,"1","Adjunto","0","3","3","4","5","3","4","4","3","4","4","3","4","2","3","2","1","3","4","3","3","3","4","1","2","2","2","4","1","4","1","4","2","2","3","3","3","3","3","2","3","4","1","4"
"178",44,"0","Artes y Humanidades","1",5,"1","Adjunto","0","4","4","4","4","3","3","3","4","3","4","3","3","3","3","3","2","3","2","2","4","4","5","3","3","4","4","3","2","3","3","4","2","4","3","3","3","3","3","3","3","4","3","4"
"179",43,"0","Derecho y Politica","1",10,"1","Adjunto","1","3","3","2","5","4","2","4","4","2","2","2","4","3","3","2","1","3","5","3","5","5","5","1","1","2","2","4","3","5","5","5","5","3","2","3","2","4","3","3","4","3","1","4"
"180",33,"0","Artes y Humanidades","0",3,"1","Adjunto","0","3","3","4","4","4","2","4","4","4","4","4","2","4","3","3","4","3","3","4","4","5","4","4","3","4","4","4","3","4","4","4","3","4","4","4","4","4","4","4","4","5","2","4"
"181",33,"0","Derecho y Politica","1",10,"1","Adjunto","0","2","2","2","2","2","4","4","4","2","2","2","2","1","2","2","1","2","2","2","2","2","4","1","1","2","2","2","1","2","2","2","2","2","2","2","2","2","2","2","2","2","1","1"
"182",33,"0","Ciencias de la Salud","0",5,"1","Adjunto","0","3","4","4","4","5","5","5","5","3","3","3","3","2","3","4","1","1","2","2","5","5","5","1","1","1","1","1","1","5","2","5","5","3","2","3","2","4","5","3","4","5","1","2"
"183",58,"0","Ingenieria y Arquitectura","1",30,"1","Adjunto","0","3","2","3","4","4","5","2","3","2","3","3","3","3","2","3","2","3","4","3","4","3","3","3","1","2","2","4","2","2","2","4","3","2","2","2","4","4","4","2","3","3","1","1"
"184",43,"0","Derecho y Politica","0",8,"1","Adjunto","0","4","4","4","5","4","4","4","4","3","3","3","5","4","3","3","3","3","3","4","4","4","4","3","2","3","3","4","3","4","4","3","3","3","3","3","4","4","4","3","4","3","1","2"
"185",38,"0","Ingenieria y Arquitectura","0",3,"1","Adjunto","0","4","4","4","4","4","3","3","3","4","3","3","2","3","3","3","1","3","4","4","4","4","4","1","1","4","4","4","1","1","1","3","3","4","4","4","3","3","3","4","3","4","1","4"
"186",36,"0","Artes y Humanidades","0",3,"1","Adjunto","0","3","3","3","5","5","4","4","4","1","4","2","2","2","3","3","1","2","3","3","3","4","4","2","2","2","3","3","2","2","2","4","4","3","3","3","2","2","4","3","4","5","2","5"
"187",45,"0","Ingenieria y Arquitectura","0",1,"1","Adjunto","0","2","4","4","4","4","3","4","4","4","4","3","4","4","3","3","2","3","3","5","4","4","4","3","1","4","4","4","1","1","1","4","3","4","4","2","2","2","2","4","4","4","1","1"
"188",42,"0","Artes y Humanidades","1",10,"1","Adjunto","0","3","3","3","5","5","3","4","4","4","4","3","2","3","3","3","1","2","4","3","5","5","5","1","1","1","1","2","1","1","1","5","5","3","3","3","3","3","3","2","2","4","1","3"
"189",44,"0","Artes y Humanidades","0",3,"1","Adjunto","1","2","3","3","4","4","4","3","3","4","4","4","3","3","4","3","3","3","4","3","3","4","4","3","1","2","2","3","2","1","3","4","3","2","2","4","3","4","4","3","4","4","2","4"
"190",36,"0","Artes y Humanidades","0",3,"1","Adjunto","0","4","3","3","5","5","3","3","4","3","3","3","4","3","3","2","2","2","3","3","5","5","5","2","3","3","3","3","3","4","4","3","3","4","4","4","4","3","3","3","4","4","1","3"
"191",30,"0","Ingenieria y Arquitectura","0",1,"1","Adjunto","0","4","5","4","5","5","5","5","5","2","3","3","2","1","3","3","1","2","5","2","4","4","2","1","1","3","1","4","2","3","3","5","3","3","3","4","5","2","5","2","4","4","2","1"
"192",47,"0","Ingenieria y Arquitectura","0",2,"1","Adjunto","1","4","4","5","4","4","4","5","4","4","3","4","3","4","3","3","4","5","4","4","4","5","5","3","2","5","5","4","3","3","2","5","5","4","4","4","2","3","3","4","4","5","2","3"
"193",28,"0","Ingenieria y Arquitectura","0",2,"1","Adjunto","0","4","3","4","5","5","4","4","4","3","3","3","2","3","3","3","2","3","4","3","4","4","4","1","1","3","3","4","1","3","1","3","3","3","3","4","3","2","3","3","3","3","1","1"
"194",57,"0","Ingenieria y Arquitectura","0",3,"1","Adjunto","0","2","2","2","5","3","4","4","3","2","2","2","4","3","2","4","2","2","3","2","4","4","4","1","1","2","2","2","2","2","2","4","3","2","2","4","4","4","4","1","1","1","1","4"
"195",36,"0","Ingenieria y Arquitectura","0",5,"1","Adjunto","0","3","3","3","3","3","3","4","3","3","3","3","3","2","3","3","2","3","3","3","3","3","4","1","1","3","3","3","2","3","3","4","4","3","3","3","2","3","3","3","3","3","1","3"
"196",28,"0","Ingenieria y Arquitectura","0",1,"1","Adjunto","0","3","2","5","4","3","4","4","4","4","4","3","2","2","2","2","4","3","4","5","4","5","5","3","2","4","4","4","5","5","1","5","5","5","5","3","3","3","3","4","4","3","1","2"
"197",37,"0","Artes y Humanidades","1",4,"1","Adjunto","0","3","3","1","1","2","1","1","2","2","2","2","3","3","3","2","4","2","2","2","1","1","2","3","1","3","4","1","5","4","5","1","2","3","3","1","2","3","2","4","4","2","3","2"
"198",26,"0","Ingenieria y Arquitectura","0",3,"1","Adjunto","0","3","4","5","5","4","4","5","5","4","4","3","3","4","4","3","4","5","5","5","5","5","5","3","4","5","5","5","2","2","4","4","3","4","4","4","3","2","3","4","4","4","2","5"
"199",51,"0","Artes y Humanidades","0",8,"1","Adjunto","0","3","4","5","3","5","3","4","4","3","4","3","3","3","3","3","1","4","3","4","4","3","5","4","3","4","4","3","1","1","1","4","4","4","4","5","5","5","4","4","4","2","2","4"
"200",33,"0","Derecho y Politica","1",3,"1","Adjunto","0","3","3","3","3","3","3","3","3","2","2","2","2","2","2","2","3","3","3","3","3","3","3","3","3","3","3","3","3","3","3","4","3","3","3","3","3","3","3","3","3","3","3","3"
"201",51,"0","Derecho y Politica","1",15,"1","Adjunto","1","3","2","3","3","3","4","4","4","3","4","3","3","4","3","3","3","2","3","2","4","5","5","3","3","3","3","3","5","5","5","4","3","3","3","5","3","5","4","3","4","4","4","5"
"202",41,"0","Ciencias","1",16,"1","Adjunto","0","3","4","5","5","4","4","5","5","4","3","2","1","4","3","3","4","3","5","4","5","5","5","4","2","4","4","5","1","3","3","2","1","4","4","5","5","5","5","4","4","4","1","2"
"203",40,"0","Derecho y Politica","0",8,"1","Adjunto","0","3","3","2","4","5","4","4","5","2","3","1","4","3","3","4","2","1","5","3","5","4","5","1","1","1","1","1","1","5","5","5","5","2","2","4","3","2","2","1","2","2","1","1"
"204",48,"0","Artes y Humanidades","0",2,"1","Adjunto","0","4","4","4","5","4","3","4","4","3","3","3","3","3","3","3","3","2","4","3","4","4","5","3","3","4","3","3","1","3","1","3","4","3","3","5","4","5","4","4","4","4","2","2"
"205",36,"0","Ciencias","0",8,"1","Adjunto","0","3","2","4","4","4","3","2","2","5","5","4","1","5","2","3","3","3","3","4","5","5","5","2","2","2","3","4","1","2","1","3","3","2","3","3","3","3","3","4","4","3","1","2"
"206",35,"0","Artes y Humanidades","0",3,"1","Adjunto","1","2","2","3","3","3","4","3","3","3","2","2","2","2","2","3","1","3","3","3","4","4","4","2","2","2","2","2","4","4","3","4","3","2","2","4","4","4","3","2","2","3","4","2"
"207",35,"0","Artes y Humanidades","1",6,"1","Adjunto","0","5","5","5","5","5","3","5","3","4","4","4","1","4","4","3","1","3","3","3","5","4","5","5","1","4","4","5","1","3","1","1","1","5","5","5","3","3","5","4","3","1","1","1"
"208",32,"0","Artes y Humanidades","0",1,"1","Adjunto","0","4","5","4","5","5","3","5","5","4","4","4","2","4","4","3","3","4","4","4","4","5","5","1","1","3","3","5","2","4","1","3","4","4","3","5","5","5","5","5","5","5","1","5"
"209",52,"0","Ciencias de la Salud","0",1,"1","Adjunto","0","4","2","2","5","4","3","2","3","3","4","3","3","3","4","3","2","2","4","2","4","2","4","2","3","2","2","3","2","2","3","3","3","3","2","4","3","4","4","4","4","4","2","2"
"210",39,"0","Artes y Humanidades","0",7,"1","Adjunto","0","3","3","3","5","5","4","5","5","4","4","4","3","3","3","3","2","3","4","3","3","3","4","3","1","3","3","3","1","2","1","4","4","3","3","5","5","5","2","4","5","5","1","5"
"211",39,"0","Derecho y Politica","1",4,"1","Adjunto","1","3","3","1","5","4","3","5","4","2","2","2","4","2","2","4","2","2","2","3","4","4","5","2","2","2","2","2","4","5","4","4","4","2","2","4","2","2","2","2","4","4","4","2"
"212",50,"0","Derecho y Politica","0",15,"1","Adjunto","0","3","3","2","3","3","2","3","3","2","3","2","4","3","2","3","2","2","2","3","3","3","3","2","1","2","2","3","1","3","1","2","2","2","2","4","3","3","3","3","3","3","1","2"
"213",49,"0","Ingenieria y Arquitectura","0",17,"1","Adjunto","0","4","5","5","5","3","3","4","4","3","3","3","3","3","3","3","2","3","5","3","5","3","5","2","3","3","3","3","3","3","4","4","3","3","3","3","3","3","4","3","4","4","2","5"
"214",55,"0","Artes y Humanidades","0",12,"1","Adjunto","1","3","4","4","4","4","3","3","3","3","3","3","3","3","2","2","4","3","5","5","5","5","5","3","1","5","4","5","3","3","3","4","2","5","5","3","4","3","5","5","5","5","5","2"
"215",56,"0","Ingenieria y Arquitectura","1",23,"1","Adjunto","0","3","3","4","4","3","3","4","4","2","3","3","4","3","3","3","2","2","4","4","4","4","5","2","2","2","3","4","4","1","4","5","4","3","2","4","2","3","3","4","5","2","1","4"
"216",46,"0","Artes y Humanidades","0",15,"1","Adjunto","0","4","4","4","3","3","3","3","3","4","4","4","4","4","5","4","4","4","3","4","5","5","5","4","4","4","4","4","4","4","5","2","2","4","4","4","2","4","4","4","4","4","3","4"
"217",45,"0","Ciencias de la Salud","1",20,"1","Adjunto","0","4","4","4","5","5","4","5","5","4","3","4","2","4","3","3","3","3","4","4","4","4","4","3","3","3","2","4","1","4","1","4","4","4","4","4","4","4","4","4","4","5","1","4"
"218",46,"1","Ingenieria y Arquitectura","0",15,"1","Adjunto","0","3","2","2","5","5","5","5","5","3","4","3","4","2","2","5","2","1","4","3","5","5","5","1","1","2","2","3","1","1","1","5","5","3","2","5","4","5","5","3","4","4","1","4"
"219",45,"1","Artes y Humanidades","0",14,"1","Adjunto","0","2","5","5","5","5","2","5","5","4","3","3","1","4","1","1","1","1","4","1","5","1","5","2","1","3","5","1","3","2","1","5","2","5","3","3","5","3","3","5","5","5","1","4"
"220",53,"1","Artes y Humanidades","0",20,"1","Adjunto","0","3","3","5","5","5","5","3","3","1","2","3","5","1","3","4","3","3","5","2","5","5","5","2","1","3","1","5","1","3","2","5","5","2","2","5","4","3","5","1","4","3","1","4"
"221",39,"1","Ciencias de la Salud","0",6,"1","Adjunto","0","2","2","2","5","3","3","2","3","2","4","3","4","2","2","3","2","3","4","4","4","4","4","2","2","3","3","3","2","4","2","5","4","3","3","4","2","4","3","2","3","2","2","2"
"222",46,"1","Artes y Humanidades","0",1,"1","Adjunto","0","4","4","4","4","4","4","4","4","4","3","4","2","4","3","4","3","3","3","3","3","3","3","2","2","3","3","3","2","3","3","4","4","3","3","5","3","3","5","3","4","4","1","4"
"223",46,"1","Artes y Humanidades","0",15,"1","Adjunto","1","3","3","5","4","4","5","5","5","3","3","2","2","4","5","2","4","2","4","2","5","5","5","5","5","4","4","3","4","5","5","2","1","5","5","3","5","3","5","5","5","5","4","4"
"224",43,"1","Artes y Humanidades","0",7,"1","Adjunto","0","3","4","5","3","5","2","4","4","4","3","3","3","3","2","2","3","3","3","2","3","3","3","3","3","3","3","4","1","1","1","5","5","3","3","5","4","5","5","4","4","5","1","5"
"225",39,"1","Artes y Humanidades","1",7,"1","Adjunto","1","4","4","5","4","4","5","5","3","4","3","3","3","5","3","4","3","3","5","3","5","5","5","3","3","4","4","4","5","5","5","5","3","3","3","4","4","4","4","4","4","4","5","3"
"226",39,"1","Ingenieria y Arquitectura","0",10,"1","Adjunto","0","3","3","3","3","3","3","3","3","3","3","3","3","3","3","3","3","3","3","3","3","3","3","3","3","3","3","3","3","3","3","3","3","3","3","3","3","3","3","3","3","3","3","3"
"227",49,"1","Derecho y Politica","0",13,"1","Adjunto","0","2","2","2","4","3","1","4","3","2","2","2","2","2","3","2","1","1","2","2","3","3","3","1","2","2","1","2","1","2","1","5","4","2","2","5","3","3","3","1","2","2","1","2"
"228",44,"1","Artes y Humanidades","1",20,"1","Adjunto","0","3","3","3","5","5","4","4","4","2","2","3","2","2","2","3","1","2","3","3","5","4","4","2","1","1","1","3","2","3","3","4","4","2","2","5","4","4","4","2","3","3","1","2"
"229",34,"1","Ingenieria y Arquitectura","0",1,"1","Adjunto","0","3","4","5","5","4","3","4","2","3","5","4","2","4","3","3","2","4","5","5","4","4","5","3","3","4","4","4","4","5","4","4","4","4","5","5","4","4","5","4","4","2","1","3"
"230",46,"1","Artes y Humanidades","0",6,"1","Adjunto","0","3","2","3","5","3","3","4","4","2","2","2","4","3","4","4","5","2","3","2","5","5","5","4","2","4","4","4","4","5","4","3","1","3","3","5","4","3","3","2","2","4","1","4"
"231",49,"1","Artes y Humanidades","0",5,"1","Adjunto","0","3","3","5","4","4","3","4","4","3","3","3","4","4","2","2","3","3","4","2","5","5","5","1","1","3","3","4","2","2","2","4","4","3","3","4","5","5","3","3","4","4","1","1"
"232",47,"1","Artes y Humanidades","0",5,"1","Adjunto","0","3","5","3","5","5","2","4","5","3","3","2","4","4","3","2","2","3","4","3","5","5","5","2","1","2","2","4","1","5","3","3","3","4","4","5","3","5","5","4","5","5","1","3"
"233",49,"1","Artes y Humanidades","0",18,"1","Adjunto","0","3","3","4","5","4","3","4","4","3","3","3","4","3","4","3","3","2","3","3","4","4","5","3","2","4","4","4","3","3","4","2","2","3","3","4","4","4","5","4","4","3","1","3"
"234",34,"1","Derecho y Politica","0",4,"1","Adjunto","0","3","3","3","5","4","4","4","4","3","4","3","3","3","3","4","2","2","4","3","5","5","5","2","2","3","3","3","2","5","3","5","5","3","3","4","3","4","4","3","4","4","2","3"
"235",45,"1","Artes y Humanidades","0",16,"1","Adjunto","0","3","3","5","5","4","5","3","4","3","4","3","4","3","3","4","1","2","4","3","5","4","4","2","1","3","3","3","1","2","3","4","3","3","3","4","4","4","3","5","5","5","2","2"
"236",35,"1","Ingenieria y Arquitectura","0",2,"1","Adjunto","0","3","3","4","4","4","4","4","4","3","3","3","3","4","3","4","1","4","4","3","5","3","5","2","2","1","1","4","1","1","1","4","3","3","3","5","1","3","3","2","4","4","1","4"
"237",40,"1","Ingenieria y Arquitectura","0",1,"1","Adjunto","0","4","4","5","4","4","4","4","4","5","5","5","2","4","4","5","4","4","5","5","5","5","5","1","2","2","3","5","4","4","3","5","3","3","4","4","3","3","3","4","3","4","1","2"
"238",33,"1","Artes y Humanidades","0",2,"1","Adjunto","0","3","3","3","4","4","4","5","5","3","4","3","2","4","3","3","3","3","4","4","5","5","5","3","1","3","3","4","3","4","3","5","5","4","4","4","4","4","4","3","5","5","1","5"
"239",34,"1","Derecho y Politica","0",8,"1","Adjunto","0","3","2","3","5","4","4","5","5","3","2","3","4","2","3","4","1","3","5","3","5","5","5","1","2","2","3","2","3","4","4","4","4","4","3","4","2","4","4","3","3","4","1","2"
"240",43,"1","Ciencias de la Salud","1",20,"1","Adjunto","0","2","3","2","4","3","3","2","2","4","4","3","4","3","3","4","2","2","4","3","4","5","5","2","1","1","1","3","4","3","3","4","3","3","3","5","5","5","5","2","2","1","2","1"
"241",52,"1","Ciencias de la Salud","1",26,"1","Adjunto","0","1","1","1","5","5","5","3","5","2","2","2","5","2","1","5","1","1","5","1","3","5","5","1","1","1","1","1","1","1","1","1","1","1","1","1","1","1","1","1","3","3","1","3"
"242",42,"1","Ciencias de la Salud","0",12,"1","Adjunto","0","4","4","4","4","5","4","4","4","3","3","3","2","3","5","3","1","3","4","1","3","4","4","1","1","1","1","3","3","2","4","3","4","2","2","5","5","5","5","2","2","2","1","4"
"243",42,"1","Ciencias","0",8,"1","Adjunto","0","2","3","2","4","4","3","3","4","3","4","4","3","2","3","3","1","3","4","3","4","4","4","1","1","3","2","3","1","1","1","4","3","2","2","4","4","4","3","3","3","3","1","1"
"244",38,"1","Ciencias de la Salud","0",2,"1","Adjunto","0","4","3","4","5","3","3","5","5","2","3","2","4","4","3","3","1","2","3","3","5","5","5","1","1","1","1","3","1","5","3","5","5","3","2","5","2","2","3","4","4","5","1","4"
"245",54,"1","Ciencias de la Salud","0",3,"1","Adjunto","0","2","2","2","5","4","3","4","4","2","2","3","4","2","2","3","2","2","4","2","5","5","5","2","2","2","2","2","2","3","4","5","5","2","3","2","2","2","2","2","2","2","1","2"
"246",48,"1","Artes y Humanidades","0",4,"1","Adjunto","0","1","1","1","4","4","4","1","4","2","3","1","4","1","1","2","1","1","3","1","3","2","3","1","1","1","1","1","1","3","1","3","3","1","1","1","1","1","1","2","2","2","1","5"
"247",45,"1","Ciencias","1",20,"1","Adjunto","0","2","2","3","4","4","3","4","4","3","3","4","5","2","2","3","1","2","4","1","4","4","5","1","1","1","1","2","1","1","1","2","1","2","2","5","5","4","3","3","3","4","1","1"
"248",47,"1","Ciencias de la Salud","0",11,"1","Adjunto","0","2","3","3","5","4","4","5","3","4","3","3","5","3","3","3","1","3","4","3","4","3","5","1","1","1","1","3","5","4","3","5","4","2","2","4","3","4","4","1","1","3","1","3"
"249",39,"1","Artes y Humanidades","1",6,"1","Adjunto","0","3","2","4","4","3","3","4","4","4","4","4","3","2","2","1","2","2","2","3","5","5","4","4","2","3","2","3","1","1","2","4","4","4","4","5","4","5","5","3","4","4","2","2"
"250",32,"1","Ciencias de la Salud","1",10,"1","Adjunto","0","3","3","3","4","4","4","4","4","3","3","3","4","3","5","4","1","2","3","1","4","5","4","1","5","2","1","3","3","2","1","3","3","3","3","5","5","5","5","3","3","4","1","3"
"251",43,"1","Ciencias de la Salud","0",11,"1","Adjunto","0","4","4","5","5","5","3","4","5","3","3","2","5","3","3","2","1","1","4","1","5","2","3","1","1","2","1","3","1","1","1","2","1","2","2","5","4","5","5","2","4","4","1","1"
"252",40,"1","Derecho y Politica","1",14,"1","Adjunto","0","2","2","2","5","4","3","3","5","2","3","2","5","3","3","3","1","2","2","2","4","4","4","1","1","1","1","2","4","4","3","2","4","1","1","4","4","4","4","1","4","4","1","1"
"253",37,"1","Ciencias de la Salud","1",12,"1","Adjunto","0","5","5","5","4","5","5","4","4","3","4","4","4","3","3","3","4","3","3","4","4","4","4","5","4","5","4","4","4","4","4","4","4","4","4","4","4","4","4","5","5","5","5","5"
"254",52,"1","Derecho y Politica","1",9,"1","Adjunto","1","3","4","4","4","3","5","5","5","4","5","5","4","3","3","5","3","5","5","4","5","5","4","4","3","4","4","3","4","5","4","4","5","5","4","3","4","4","4","3","4","4","5","4"
"255",34,"1","Ciencias de la Salud","1",10,"1","Adjunto","0","4","4","3","5","5","3","2","5","2","5","3","5","1","3","3","1","1","4","1","4","1","5","1","1","1","1","2","1","5","1","1","1","1","1","5","1","5","5","1","3","3","1","1"
"256",45,"1","Artes y Humanidades","0",15,"1","Adjunto","0","3","3","3","5","5","5","3","2","3","3","3","3","3","3","5","2","2","3","2","4","4","5","1","1","2","2","3","1","1","2","2","2","3","3","3","3","3","3","3","4","1","1","2"
"257",49,"1","Ciencias de la Salud","0",18,"1","Adjunto","0","4","4","4","4","4","4","5","4","3","4","3","3","3","4","3","3","2","2","2","4","4","4","2","4","2","3","3","1","1","2","4","4","3","4","5","4","4","4","4","4","4","2","4"
"258",46,"1","Ciencias de la Salud","0",7,"1","Adjunto","0","5","5","5","5","5","5","5","5","3","3","3","3","4","3","3","5","3","3","3","5","5","5","4","2","3","4","3","3","2","3","4","3","3","4","5","5","5","5","3","5","5","2","1"
"259",42,"1","Derecho y Politica","1",17,"1","Adjunto","0","2","3","3","4","3","3","4","3","2","2","2","4","3","3","3","2","2","3","3","4","3","3","2","2","2","2","2","3","3","3","3","3","2","2","4","3","4","4","2","2","4","2","2"
"260",49,"1","Artes y Humanidades","0",4,"1","Adjunto","0","3","3","2","5","4","3","5","5","2","2","2","4","2","2","3","1","1","5","2","5","5","5","1","2","1","1","2","2","4","4","4","4","1","1","3","3","3","3","2","2","2","2","2"
"261",41,"1","Artes y Humanidades","1",2,"1","Adjunto","1","3","3","4","5","5","4","3","5","3","4","3","3","4","3","4","3","2","2","3","4","4","4","2","2","4","2","3","3","4","3","5","4","4","4","5","3","5","3","4","4","4","4","2"
"262",41,"1","Artes y Humanidades","0",6,"1","Adjunto","0","3","2","3","4","4","4","2","2","2","2","2","3","1","1","2","1","2","4","2","5","5","5","1","1","2","2","2","2","3","1","4","2","2","2","4","3","3","4","1","1","1","1","1"
"263",31,"1","Ingenieria y Arquitectura","0",1,"1","Adjunto","0","4","4","3","4","4","4","4","4","3","3","4","3","3","3","2","2","3","3","3","3","3","3","3","3","2","2","3","2","4","4","3","3","3","3","4","4","4","4","3","3","3","3","3"
"264",43,"1","Artes y Humanidades","1",20,"1","Adjunto","0","2","3","3","5","3","4","1","5","2","4","2","5","4","5","2","1","1","2","1","5","5","5","1","2","1","1","2","5","3","5","5","5","1","1","3","1","4","2","2","2","2","1","2"
"265",33,"1","Artes y Humanidades","0",10,"1","Adjunto","1","3","4","4","5","5","4","4","4","4","4","3","5","4","4","5","2","1","3","2","5","5","5","2","1","4","4","4","2","3","3","4","4","4","4","4","3","3","3","3","5","5","3","4"
"266",54,"1","Artes y Humanidades","1",4,"1","Adjunto","0","1","1","2","5","3","5","3","3","2","3","3","1","1","2","4","1","1","3","1","4","4","4","1","1","1","1","1","1","1","1","1","1","1","1","4","2","4","4","1","1","3","1","1"
"267",40,"1","Derecho y Politica","1",17,"1","Adjunto","0","2","2","2","3","3","3","2","3","2","3","2","5","3","3","3","1","1","4","1","4","4","4","1","1","1","1","2","3","3","4","4","4","2","2","4","2","4","3","2","2","3","2","2"
"268",34,"1","Ciencias","0",5,"1","Adjunto","0","3","3","3","4","4","3","4","4","4","4","4","3","4","3","3","1","3","4","3","5","5","4","1","1","2","2","3","1","1","2","4","3","2","2","4","3","3","4","1","3","3","1","1"
"269",48,"1","Derecho y Politica","0",6,"1","Adjunto","0","3","2","3","5","5","2","3","3","4","4","3","3","2","3","2","2","2","2","3","4","4","5","3","3","2","2","4","2","2","1","3","4","3","3","5","2","2","2","4","4","4","1","2"
"270",42,"1","Derecho y Politica","0",3,"1","Adjunto","0","4","4","4","5","5","3","4","5","3","4","3","5","4","4","3","2","2","5","2","5","5","5","1","1","2","2","3","2","4","1","5","5","4","3","5","3","4","5","1","4","5","1","1"
"271",28,"1","Ingenieria y Arquitectura","0",1,"1","Adjunto","0","3","3","3","5","4","4","4","4","3","3","3","3","3","3","4","3","4","4","4","4","4","4","3","3","2","4","4","3","5","2","5","5","3","3","4","3","3","4","3","3","3","3","2"
"272",37,"1","Ciencias de la Salud","0",8,"1","Adjunto","0","3","3","3","4","3","2","3","3","3","3","3","5","3","3","3","2","2","3","2","4","4","4","2","2","3","2","2","2","4","2","4","4","3","3","3","3","3","3","3","3","2","2","3"
"273",55,"1","Artes y Humanidades","0",15,"1","Adjunto","0","3","4","3","4","4","4","4","4","3","3","3","3","3","3","3","3","2","3","3","4","4","4","3","3","3","3","4","1","2","2","4","4","3","4","4","3","4","3","3","4","4","2","5"
"274",30,"1","Artes y Humanidades","1",4,"1","Adjunto","0","3","3","4","5","2","4","4","4","3","3","3","4","3","3","3","1","1","2","5","5","5","5","3","1","1","1","3","1","3","1","5","3","5","5","5","5","5","5","3","5","5","1","1"
"275",32,"1","Artes y Humanidades","0",6,"1","Adjunto","0","2","3","5","5","3","3","4","4","2","3","2","2","2","2","3","1","1","1","1","4","4","4","2","2","2","2","5","2","2","1","3","3","2","3","5","2","2","5","4","5","5","1","2"
"276",38,"1","Ciencias de la Salud","0",7,"1","Adjunto","0","4","4","4","4","4","3","3","5","3","4","4","3","3","4","5","2","3","2","3","4","5","4","1","4","3","3","4","4","4","3","5","4","4","5","4","2","5","3","3","4","2","1","4"
"277",42,"1","Ingenieria y Arquitectura","1",20,"1","Adjunto","0","2","2","3","4","4","3","3","3","2","3","2","3","2","2","3","2","1","3","2","4","3","4","2","1","2","2","3","1","3","2","3","2","2","2","3","3","3","3","2","3","2","1","1"
"278",42,"1","Derecho y Politica","1",15,"1","Adjunto","0","3","3","3","4","4","4","4","4","3","3","3","3","3","3","3","3","3","3","3","3","3","3","2","3","3","3","3","3","2","3","3","3","3","3","3","3","3","3","3","3","3","3","3"
"279",31,"1","Derecho y Politica","0",4,"1","Adjunto","0","2","3","2","3","3","3","4","4","2","3","2","5","1","3","3","1","1","2","2","4","4","4","1","2","2","2","2","2","3","3","5","5","4","3","3","5","5","3","2","2","4","2","2"
"280",32,"1","Derecho y Politica","1",8,"1","Adjunto","0","3","2","3","4","4","3","5","4","3","3","3","4","3","2","3","1","2","3","3","4","4","3","1","1","1","2","2","1","3","1","3","2","1","1","4","3","4","3","3","4","4","1","1"
"281",46,"1","Artes y Humanidades","0",5,"1","Adjunto","0","1","2","2","5","5","3","1","5","3","3","1","5","3","2","3","1","2","2","1","5","5","5","1","1","1","1","3","1","3","1","1","1","3","3","1","1","2","1","1","3","3","1","1"
"282",31,"1","Artes y Humanidades","0",4,"1","Adjunto","1","2","2","3","4","4","3","3","4","3","4","3","5","3","3","3","2","3","4","3","3","3","3","1","1","2","2","3","1","2","1","2","1","1","1","3","3","3","3","2","2","4","2","1"
"283",35,"1","Derecho y Politica","1",8,"1","Adjunto","0","3","2","3","5","3","2","4","4","3","3","3","3","4","3","1","1","2","2","2","4","4","5","2","1","1","3","2","3","2","3","1","3","2","3","5","2","2","5","4","4","4","1","5"
"284",44,"1","Derecho y Politica","1",20,"1","Adjunto","0","4","2","3","5","5","4","5","5","2","3","3","2","2","2","2","1","2","1","2","2","3","5","2","2","2","1","1","3","2","2","2","1","2","2","3","3","3","3","2","3","2","2","2"
"285",31,"1","Ciencias de la Salud","1",4,"1","Adjunto","0","3","2","3","4","4","3","3","4","3","4","3","4","3","3","3","1","2","4","3","4","4","4","1","1","1","1","3","1","1","1","3","4","3","2","4","3","5","3","1","1","1","1","1"
"286",34,"1","Artes y Humanidades","1",6,"1","Adjunto","0","3","2","5","4","5","5","5","5","3","4","3","4","3","3","3","1","2","2","2","5","5","5","3","2","1","1","3","2","3","2","2","2","3","3","5","4","4","4","4","4","4","2","1"
"287",46,"1","Artes y Humanidades","0",4,"1","Adjunto","1","4","4","4","4","4","4","4","4","3","3","3","3","3","3","3","3","3","3","3","3","4","3","4","3","4","4","3","3","2","3","4","4","4","4","3","3","4","3","4","3","4","3","4"
"288",45,"1","Ciencias de la Salud","1",4,"1","Adjunto","0","3","3","3","4","2","2","4","4","3","2","2","3","2","3","3","3","3","3","3","4","4","4","3","3","3","3","4","3","2","3","3","3","3","3","5","5","5","5","4","4","4","3","3"
"289",33,"1","Artes y Humanidades","1",4,"1","Adjunto","0","2","4","5","5","5","3","5","5","4","3","4","2","3","3","4","1","2","4","2","4","4","4","1","4","3","2","4","3","2","3","4","4","3","4","4","3","3","3","3","4","5","2","4"
"290",38,"1","Artes y Humanidades","0",4,"1","Adjunto","0","4","4","4","3","4","3","4","4","5","5","5","2","4","4","4","2","3","3","4","3","2","2","1","1","1","2","5","1","1","4","2","2","5","4","5","1","1","2","2","2","4","2","1"
"291",31,"1","Ciencias","0",3,"1","Adjunto","0","2","2","3","5","4","3","4","4","3","3","2","5","3","3","3","4","3","4","3","4","5","4","1","1","3","3","3","1","3","1","5","4","3","3","4","3","3","3","2","3","2","1","1"
"292",41,"1","Derecho y Politica","1",15,"1","Adjunto","0","2","2","2","4","2","2","3","2","2","2","2","5","3","2","3","1","2","4","2","4","2","4","2","2","2","2","2","2","2","2","2","2","2","2","4","5","4","3","2","2","2","2","2"
"293",54,"1","Derecho y Politica","0",20,"1","Adjunto","0","2","3","3","4","4","2","3","3","3","3","2","4","3","2","2","1","1","4","3","5","5","4","2","1","2","2","2","2","2","2","5","4","3","3","5","5","5","5","3","4","4","1","1"
"294",52,"1","Artes y Humanidades","0",5,"1","Adjunto","1","3","3","4","5","5","1","3","3","3","3","3","3","3","3","1","1","3","4","4","5","4","5","1","1","3","3","4","1","2","1","3","4","2","1","3","3","4","4","2","4","5","1","3"
"295",39,"1","Ciencias de la Salud","0",4,"1","Adjunto","0","3","3","3","5","5","3","3","4","1","4","3","3","3","2","3","3","3","3","3","3","3","3","1","1","3","3","3","1","3","1","5","5","1","3","5","5","5","5","2","2","2","1","4"
"296",49,"1","Artes y Humanidades","0",3,"1","Adjunto","0","4","4","5","5","5","2","5","3","4","4","4","2","3","3","3","3","3","4","3","4","5","5","1","1","3","1","4","1","3","2","3","3","3","3","4","2","2","3","3","2","3","1","5"
"297",44,"1","Artes y Humanidades","0",4,"1","Adjunto","0","5","5","5","5","5","3","5","5","4","4","3","3","3","3","3","3","4","4","3","4","4","5","3","1","3","3","4","3","3","3","5","3","3","3","3","3","5","3","5","5","5","1","3"
"298",41,"1","Ingenieria y Arquitectura","0",3,"1","Adjunto","1","5","3","5","5","5","5","3","5","3","3","2","4","4","3","3","4","4","4","1","5","5","5","4","3","4","3","3","5","5","5","5","5","3","4","5","5","2","2","4","4","4","3","5"
"299",48,"1","Artes y Humanidades","1",21,"1","Adjunto","0","2","2","2","3","3","4","4","4","2","2","3","4","3","3","3","1","1","3","2","5","5","5","1","1","3","2","2","5","5","5","5","4","3","3","3","4","3","4","3","3","2","1","4"
"300",36,"1","Derecho y Politica","0",11,"1","Adjunto","0","3","3","3","3","3","3","3","3","3","3","3","4","4","3","3","1","3","4","3","3","3","3","1","1","1","1","3","1","2","2","3","2","2","2","3","3","4","4","1","1","1","1","1"
"301",40,"1","Derecho y Politica","0",10,"1","Adjunto","0","4","4","4","5","5","3","5","4","3","3","3","3","2","4","4","4","4","4","4","5","5","5","3","3","4","4","5","4","4","4","5","4","4","5","4","4","5","4","4","4","4","3","5"
"302",31,"1","Ciencias de la Salud","1",6,"1","Adjunto","0","1","1","3","5","4","3","1","2","3","3","2","3","3","3","3","1","1","2","2","2","5","5","1","2","2","2","1","1","4","3","5","4","2","2","3","2","3","5","3","3","3","2","3"
"303",33,"1","Ciencias","1",10,"1","Adjunto","0","5","5","4","5","5","5","5","5","3","3","3","3","2","2","3","1","1","4","2","4","5","5","1","1","1","1","2","3","3","2","5","5","4","4","3","2","2","4","3","3","3","2","4"
"304",33,"1","Ciencias de la Salud","1",8,"1","Adjunto","0","2","3","3","5","4","3","3","5","4","4","4","5","4","3","4","3","3","4","3","4","3","5","2","1","2","2","4","2","4","2","4","3","3","3","4","3","3","5","3","4","4","1","3"
"305",47,"1","Artes y Humanidades","0",15,"1","Adjunto","0","3","3","4","4","4","3","4","4","3","4","4","3","4","4","3","3","3","4","4","4","4","4","2","2","4","4","4","1","1","1","4","4","4","4","4","4","4","4","3","4","4","1","4"
"306",35,"1","Artes y Humanidades","0",2,"1","Adjunto","0","5","5","5","5","5","5","5","5","5","5","5","3","5","3","3","5","5","3","3","5","5","5","3","1","5","5","5","5","5","3","3","3","5","5","5","5","3","3","5","5","5","1","5"
"307",44,"1","Ciencias de la Salud","0",15,"1","Adjunto","0","2","2","2","4","2","2","1","2","1","1","1","5","1","2","2","1","2","2","2","3","1","4","1","1","1","1","4","1","1","1","5","3","3","3","5","5","5","5","1","3","3","1","1"
"308",54,"1","Ciencias de la Salud","0",2,"1","Adjunto","0","3","2","3","4","4","3","4","4","2","3","2","3","3","3","3","3","2","3","4","4","4","4","3","1","4","4","3","2","2","2","5","4","3","3","3","3","4","3","4","4","4","2","3"
"309",36,"1","Ciencias de la Salud","0",1,"1","Adjunto","0","4","3","3","5","4","3","5","5","3","3","2","4","3","4","3","2","2","3","3","5","5","5","2","1","3","3","4","1","2","1","5","5","3","3","4","5","5","4","2","4","4","1","2"
"310",48,"1","Ciencias de la Salud","0",1,"1","Adjunto","0","5","5","5","4","4","4","4","4","4","4","4","4","4","4","4","3","4","4","4","4","4","4","2","2","3","3","4","2","2","2","5","5","5","5","4","4","4","4","2","2","2","3","2"
"311",35,"1","Ciencias","0",10,"1","Adjunto","0","4","4","4","4","4","3","5","2","4","4","4","2","4","4","3","2","3","4","4","2","4","4","3","4","4","4","4","4","5","1","5","4","4","4","5","2","4","5","3","4","5","1","5"
"312",43,"1","Derecho y Politica","0",10,"1","Adjunto","0","2","2","4","5","5","3","5","4","4","4","4","4","4","3","3","1","3","4","4","5","5","5","2","2","4","4","4","1","1","1","3","3","4","3","4","3","3","2","1","4","4","1","1"
"313",40,"1","Artes y Humanidades","1",9,"1","Adjunto","0","3","3","4","5","5","3","3","4","3","3","3","3","3","3","3","2","2","3","3","5","5","5","3","3","3","3","4","1","3","3","3","3","4","4","5","5","3","5","3","3","3","1","1"
"314",49,"1","Artes y Humanidades","0",0,"1","Adjunto","0","2","2","3","4","3","3","2","3","2","2","2","2","2","2","2","1","2","2","2","5","5","5","1","1","2","2","3","1","3","3","3","3","2","2","3","4","5","5","2","2","2","2","2"
